workflow,model,mean_score,median_score,count,workflow_average,advantage
Accounting and transaction advisory,Mimo 2.5 Pro,0.7796615384615385,0.7714,13,0.5328861538461538,0.24677538461538473
Credit analysis,Mimo 2.5 Pro,0.75902,0.7157,10,0.546928,0.21209200000000006
Investment banking / ECM,GLM 5.1,0.78474,0.782,5,0.5157,0.26903999999999995
Public-market investing,GLM 5.1,0.7869066666666666,0.8254,15,0.5493666666666667,0.23753999999999997
Securities counsel,GLM 5.1,0.796575,0.79825,4,0.5901799999999999,0.2063950000000001
Venture and growth investing,GLM 5.1,0.7959875,0.8170999999999999,8,0.5844825,0.21150499999999994
