domain,model,mean_score,median_score,count,domain_average,advantage
Accounting and common-control recast mechanics,Mimo 2.5 Pro,0.7447333333333334,0.7368,9,0.5026155555555556,0.24211777777777777
Capital intensity and funding,GLM 5.1,0.7887299999999999,0.7621,10,0.583696,0.20503399999999994
Execution and program risk,Mimo 2.5 Pro,0.8884857142857143,0.9035,7,0.5900257142857143,0.29846000000000006
Governance and control structures,GLM 5.1,0.8224666666666667,0.8776,3,0.5079533333333333,0.3145133333333334
KPI quality and monetization,GLM 5.1,0.7765666666666666,0.8286,9,0.5662244444444444,0.2103422222222222
Segment economics and operating performance,GLM 5.1,0.7746125,0.8452,8,0.60019,0.17442250000000004
Valuation and underwriting analysis,GLM 5.1,0.7674,0.782,9,0.48225555555555555,0.2851444444444444
